Date,Time,Temperature (Â°C),Humidity (%),Wind Speed (km/h),Weather Condition
2025-05-03,2025-05-03 00:00,-1.6636693584334592,54,-0.30977707903221374,Patchy light drizzle
2025-05-03,2025-05-03 01:00,-1.6438384763405953,53,-0.7794516275373087,Patchy rain nearby
2025-05-03,2025-05-03 02:00,-1.762823768897778,57,-0.30977707903221374,Clear 
2025-05-03,2025-05-03 03:00,-1.8421472972692325,57,-0.9621028408448458,Clear 
2025-05-03,2025-05-03 04:00,-1.961132589826415,57,-1.32740526745992,Clear 
2025-05-03,2025-05-03 05:00,-2.0999487644764607,57,-1.066474962734867,Clear 
2025-05-03,2025-05-03 06:00,-2.0007943540121422,54,-1.2491261760424042,Sunny
2025-05-03,2025-05-03 07:00,-1.3463752449476396,46,-2.2667543644701103,Sunny
2025-05-03,2025-05-03 08:00,-1.0092502493689566,43,-1.7188007245474992,Sunny
2025-05-03,2025-05-03 09:00,-0.7316179000688647,39,-0.7794516275373087,Sunny
2025-05-03,2025-05-03 10:00,-0.4539855507687723,36,-0.30977707903221374,Sunny
2025-05-03,2025-05-03 11:00,-0.23584584774727183,34,-0.30977707903221374,Sunny
2025-05-03,2025-05-03 12:00,-0.03753702681863467,32,-0.2054049571421925,Thundery outbreaks in nearby
2025-05-03,2025-05-03 13:00,0.1012791478314112,30,-0.12712586572467646,Sunny
2025-05-03,2025-05-03 14:00,0.1607717941100025,30,-0.2054049571421925,Thundery outbreaks in nearby
2025-05-03,2025-05-03 15:00,0.1806026762028665,29,-0.8577307189548248,Patchy rain nearby
2025-05-03,2025-05-03 16:00,0.20043355829572979,29,-1.431777389349941,Sunny
2025-05-03,2025-05-03 17:00,0.20043355829572979,28,-1.32740526745992,Sunny
2025-05-03,2025-05-03 18:00,0.02195561945995662,31,-1.431777389349941,Sunny
2025-05-03,2025-05-03 19:00,-0.5531399612330908,36,-0.9621028408448458,Clear 
2025-05-03,2025-05-03 20:00,-1.0489120135546839,46,-1.5361495112399621,Patchy rain nearby
2025-05-03,2025-05-03 21:00,-1.1678973061118663,49,-0.2054049571421925,Patchy rain nearby
2025-05-03,2025-05-03 22:00,-1.3265443628547762,50,-0.12712586572467646,Clear 
2025-05-03,2025-05-03 23:00,-1.7033311226191865,52,-0.8577307189548248,Patchy rain nearby
2025-05-04,2025-05-04 00:00,-1.445529655411958,55,-0.7794516275373087,Patchy light rain in area with thunder
2025-05-04,2025-05-04 01:00,-1.624007594247732,60,-1.9014519378550363,Patchy rain nearby
2025-05-04,2025-05-04 02:00,-1.6835002405263233,62,-0.6750795056472875,Clear 
2025-05-04,2025-05-04 03:00,-1.6636693584334592,61,0.3425486827804185,Clear 
2025-05-04,2025-05-04 04:00,-1.624007594247732,60,-0.30977707903221374,Clear 
2025-05-04,2025-05-04 05:00,-1.7429928868049138,61,-0.8577307189548248,Clear 
2025-05-04,2025-05-04 06:00,-1.5843458300620048,58,-0.9621028408448458,Sunny
2025-05-04,2025-05-04 07:00,-1.0489120135546839,49,-1.5361495112399621,Partly Cloudy 
2025-05-04,2025-05-04 08:00,-0.5928017254188189,41,-2.0841031511625734,Thundery outbreaks in nearby
2025-05-04,2025-05-04 09:00,-0.3151693761187264,37,-1.32740526745992,Thundery outbreaks in nearby
2025-05-04,2025-05-04 10:00,-0.017706144725770673,33,-0.5968004142297718,Thundery outbreaks in nearby
2025-05-04,2025-05-04 11:00,0.3194188508529124,29,0.9165953531755352,Sunny
2025-05-04,2025-05-04 12:00,0.41857326131723094,28,2.795293547195916,Patchy rain nearby
2025-05-04,2025-05-04 13:00,0.33924973294577637,28,1.7515723282957048,Sunny
2025-05-04,2025-05-04 14:00,0.35908061503864036,27,0.3425486827804185,Sunny
2025-05-04,2025-05-04 15:00,0.0021247373670926217,33,-0.2054049571421925,Patchy rain nearby
2025-05-04,2025-05-04 16:00,-0.11686055519008925,35,0.551292926560461,Sunny
2025-05-04,2025-05-04 17:00,-0.17635320146868055,36,1.0209674750655564,Sunny
2025-05-04,2025-05-04 18:00,-0.5531399612330908,42,1.490642023570652,Sunny
2025-05-04,2025-05-04 19:00,-1.0489120135546839,49,1.099246566483072,Clear 
2025-05-04,2025-05-04 20:00,-1.2472208344833209,49,0.3425486827804185,Clear 
2025-05-04,2025-05-04 21:00,-1.2273899523904577,47,-0.12712586572467646,Clear 
2025-05-04,2025-05-04 22:00,-1.267051716576185,45,-0.4924282923397506,Clear 
2025-05-04,2025-05-04 23:00,-1.3265443628547762,45,-0.7794516275373087,Clear 
2025-05-05,2025-05-05 00:00,-1.425698773319095,45,-0.9621028408448458,Clear 
2025-05-05,2025-05-05 01:00,-1.5248531837834134,46,-0.4924282923397506,Clear 
2025-05-05,2025-05-05 02:00,-1.5645149479691407,46,-0.8577307189548248,Clear 
2025-05-05,2025-05-05 03:00,-1.5645149479691407,45,-0.9621028408448458,Clear 
2025-05-05,2025-05-05 04:00,-1.5843458300620048,45,-0.6750795056472875,Clear 
2025-05-05,2025-05-05 05:00,-1.624007594247732,44,-1.431777389349941,Clear 
2025-05-05,2025-05-05 06:00,-1.445529655411958,43,-1.6144286026574781,Sunny
2025-05-05,2025-05-05 07:00,-0.9695884851832292,37,-1.6144286026574781,Sunny
2025-05-05,2025-05-05 08:00,-0.5729708433259548,32,-2.4754986082501524,Sunny
2025-05-05,2025-05-05 09:00,-0.2556767298401351,29,-1.5361495112399621,Sunny
2025-05-05,2025-05-05 10:00,0.061617383645683914,27,-0.8577307189548248,Sunny
2025-05-05,2025-05-05 11:00,0.27975708666718435,25,-0.2054049571421925,Sunny
2025-05-05,2025-05-05 12:00,0.45823502550295897,24,0.2642695913629029,Partly Cloudy 
2025-05-05,2025-05-05 13:00,0.5970512001530042,22,0.551292926560461,Partly Cloudy 
2025-05-05,2025-05-05 14:00,0.5772203180601401,22,0.551292926560461,Partly Cloudy 
2025-05-05,2025-05-05 15:00,0.4780659075958215,23,-0.12712586572467646,Partly Cloudy 
2025-05-05,2025-05-05 16:00,0.4384041434100949,23,-0.7794516275373087,Partly Cloudy 
2025-05-05,2025-05-05 17:00,0.45823502550295897,22,-1.1447540541523828,Sunny
2025-05-05,2025-05-05 18:00,0.3194188508529124,24,-1.066474962734867,Sunny
2025-05-05,2025-05-05 19:00,-0.3151693761187264,28,-0.8577307189548248,Clear 
2025-05-05,2025-05-05 20:00,-0.4936473149545003,30,-1.32740526745992,Clear 
2025-05-05,2025-05-05 21:00,-0.5531399612330908,31,-1.1447540541523828,Clear 
2025-05-05,2025-05-05 22:00,-0.7117870179760007,33,-0.5968004142297718,Clear 
2025-05-05,2025-05-05 23:00,-0.771279664254592,35,-0.9621028408448458,Clear 
2025-05-06,2025-05-06 00:00,-0.8704340747189107,37,-1.32740526745992,Clear 
2025-05-06,2025-05-06 01:00,-0.929926720997502,38,-0.8577307189548248,Clear 
2025-05-06,2025-05-06 02:00,-0.9894193672760933,39,-0.5968004142297718,Clear 
2025-05-06,2025-05-06 03:00,-1.0290811314618205,39,-0.9621028408448458,Clear 
2025-05-06,2025-05-06 04:00,-1.108404659833275,40,-0.8577307189548248,Clear 
2025-05-06,2025-05-06 05:00,-1.0885737777404119,39,-0.6750795056472875,Partly Cloudy 
2025-05-06,2025-05-06 06:00,-1.108404659833275,39,-0.7794516275373087,Sunny
2025-05-06,2025-05-06 07:00,-0.5531399612330908,34,-0.9621028408448458,Sunny
2025-05-06,2025-05-06 08:00,-0.17635320146868055,30,-0.7794516275373087,Sunny
2025-05-06,2025-05-06 09:00,0.1211100299242752,27,-0.5968004142297718,Sunny
2025-05-06,2025-05-06 10:00,0.39874237922436695,24,-0.4924282923397506,Sunny
2025-05-06,2025-05-06 11:00,0.5970512001530042,23,-0.2054049571421925,Sunny
2025-05-06,2025-05-06 12:00,0.7358673748030506,21,-0.4924282923397506,Partly Cloudy 
2025-05-06,2025-05-06 13:00,0.7755291389887773,20,-1.1447540541523828,Partly Cloudy 
2025-05-06,2025-05-06 14:00,0.7953600210816413,20,-1.7970798159650152,Partly Cloudy 
2025-05-06,2025-05-06 15:00,0.8746835494530959,19,-1.9014519378550363,Sunny
2025-05-06,2025-05-06 16:00,0.8746835494530959,19,-1.7970798159650152,Sunny
2025-05-06,2025-05-06 17:00,0.8350217852673693,19,-1.1447540541523828,Sunny
2025-05-06,2025-05-06 18:00,0.6565438464315961,22,-0.9621028408448458,Sunny
2025-05-06,2025-05-06 19:00,0.1211100299242752,25,-0.7794516275373087,Clear 
2025-05-06,2025-05-06 20:00,-0.21601496565440784,29,-0.30977707903221374,Clear 
2025-05-06,2025-05-06 21:00,-0.3944929044901817,31,0.08161837805536558,Clear 
2025-05-06,2025-05-06 22:00,-0.5531399612330908,34,0.2642695913629029,Clear 
2025-05-06,2025-05-06 23:00,-0.6126326075116821,36,0.15989746947288164,Clear 
2025-05-07,2025-05-07 00:00,-0.7117870179760007,37,0.15989746947288164,Clear 
2025-05-07,2025-05-07 01:00,-0.791110546347456,37,0.2642695913629029,Clear 
2025-05-07,2025-05-07 02:00,-0.8307723105331833,38,0.08161837805536558,Clear 
2025-05-07,2025-05-07 03:00,-0.9695884851832292,39,-0.30977707903221374,Clear 
2025-05-07,2025-05-07 04:00,-1.0489120135546839,39,-0.5968004142297718,Clear 
2025-05-07,2025-05-07 05:00,-1.0687428956475478,39,-0.30977707903221374,Clear 
2025-05-07,2025-05-07 06:00,-0.9100958389046379,38,-0.38805617044972934,Sunny
2025-05-07,2025-05-07 07:00,-0.3151693761187264,31,-0.5968004142297718,Sunny
2025-05-07,2025-05-07 08:00,0.08144826573854791,28,-0.12712586572467646,Sunny
2025-05-07,2025-05-07 09:00,0.39874237922436695,25,0.2642695913629029,Sunny
2025-05-07,2025-05-07 10:00,0.7160364927101867,23,0.8122232312855139,Sunny
2025-05-07,2025-05-07 11:00,0.9540070778245519,21,1.099246566483072,Sunny
2025-05-07,2025-05-07 12:00,1.112654134567461,20,0.9165953531755352,Sunny
2025-05-07,2025-05-07 13:00,1.2316394271246436,19,0.551292926560461,Sunny
2025-05-07,2025-05-07 14:00,1.3109629554960982,18,0.3425486827804185,Sunny
2025-05-07,2025-05-07 15:00,1.3506247196818262,17,0.15989746947288164,Sunny
2025-05-07,2025-05-07 16:00,1.330793837588962,17,-0.2054049571421925,Sunny
2025-05-07,2025-05-07 17:00,1.2118085450317797,18,-0.9621028408448458,Sunny
2025-05-07,2025-05-07 18:00,0.9936688420102785,19,-2.371126486360131,Sunny
2025-05-07,2025-05-07 19:00,0.45823502550295897,23,-1.7970798159650152,Clear 
2025-05-07,2025-05-07 20:00,-0.03753702681863467,29,-0.022753743834655206,Clear 
2025-05-07,2025-05-07 21:00,-0.21601496565440784,33,0.08161837805536558,Clear 
2025-05-07,2025-05-07 22:00,-0.3350002582115904,34,-0.2054049571421925,Clear 
2025-05-07,2025-05-07 23:00,-0.434154668675909,34,-0.30977707903221374,Clear 
2025-05-08,2025-05-08 00:00,-0.5134781970473635,35,-0.30977707903221374,Clear 
2025-05-08,2025-05-08 01:00,-0.6324634896045461,37,-0.2054049571421925,Patchy rain nearby
2025-05-08,2025-05-08 02:00,-0.7514487821617281,39,0.15989746947288164,Patchy rain nearby
2025-05-08,2025-05-08 03:00,-0.8109414284403194,40,0.08161837805536558,Patchy rain nearby
2025-05-08,2025-05-08 04:00,-0.8704340747189107,41,0.3425486827804185,Clear 
2025-05-08,2025-05-08 05:00,-0.9497576030903652,42,0.44692080467043976,Clear 
2025-05-08,2025-05-08 06:00,-0.6126326075116821,38,0.7339441398679979,Patchy rain nearby
2025-05-08,2025-05-08 07:00,-0.2755076119329991,35,1.0209674750655564,Sunny
2025-05-08,2025-05-08 08:00,0.061617383645683914,31,1.2818977797906093,Patchy rain nearby
2025-05-08,2025-05-08 09:00,0.33924973294577637,29,1.490642023570652,Sunny
2025-05-08,2025-05-08 10:00,0.6168820822458682,26,1.6732932368781888,Patchy rain nearby
2025-05-08,2025-05-08 11:00,0.8945144315459599,24,1.8559444501857254,Sunny
2025-05-08,2025-05-08 12:00,1.0531614882888705,22,1.7515723282957048,Sunny
2025-05-08,2025-05-08 13:00,1.2118085450317797,21,1.6732932368781888,Sunny
2025-05-08,2025-05-08 14:00,1.3704556017746887,20,1.568921114988167,Sunny
2025-05-08,2025-05-08 15:00,1.072992370381733,23,1.3862699016806301,Sunny
2025-05-08,2025-05-08 16:00,0.7755291389887773,27,1.099246566483072,Sunny
2025-05-08,2025-05-08 17:00,0.49789678968868556,30,0.9165953531755352,Sunny
2025-05-08,2025-05-08 18:00,0.04178650155282062,37,1.8559444501857254,Patchy rain nearby
2025-05-08,2025-05-08 19:00,-0.414323786583045,44,2.6909214253058944,Clear 
2025-05-08,2025-05-08 20:00,-0.8704340747189107,51,3.6302705223160854,Patchy rain nearby
2025-05-08,2025-05-08 21:00,-0.929926720997502,52,2.325618998690821,Patchy rain nearby
2025-05-08,2025-05-08 22:00,-0.9695884851832292,52,1.099246566483072,Patchy rain nearby
2025-05-08,2025-05-08 23:00,-1.0290811314618205,53,-0.2054049571421925,Patchy rain nearby
2025-05-09,2025-05-09 00:00,-1.108404659833275,55,-0.2054049571421925,Patchy rain nearby
2025-05-09,2025-05-09 01:00,-1.2075590702975936,57,-0.2054049571421925,Patchy rain nearby
2025-05-09,2025-05-09 02:00,-1.2868825986690489,59,-0.2054049571421925,Patchy rain nearby
2025-05-09,2025-05-09 03:00,-1.3067134807619123,59,0.2642695913629029,Partly Cloudy 
2025-05-09,2025-05-09 04:00,-1.3265443628547762,60,0.7339441398679979,Patchy rain nearby
2025-05-09,2025-05-09 05:00,-1.3265443628547762,60,1.2036186883730933,Partly Cloudy 
2025-05-09,2025-05-09 06:00,-1.108404659833275,56,1.099246566483072,Sunny
2025-05-09,2025-05-09 07:00,-0.8704340747189107,52,1.099246566483072,Partly Cloudy 
2025-05-09,2025-05-09 08:00,-0.6522943716974094,48,1.0209674750655564,Sunny
2025-05-09,2025-05-09 09:00,-0.21601496565440784,41,0.08161837805536558,Sunny
2025-05-09,2025-05-09 10:00,0.22026444038859377,34,-0.8577307189548248,Sunny
2025-05-09,2025-05-09 11:00,0.6763747285244587,27,-1.7970798159650152,Sunny
2025-05-09,2025-05-09 12:00,0.7953600210816413,25,-1.066474962734867,Sunny
2025-05-09,2025-05-09 13:00,0.9341761957316879,24,-0.30977707903221374,Sunny
2025-05-09,2025-05-09 14:00,1.0531614882888705,23,0.44692080467043976,Sunny
2025-05-09,2025-05-09 15:00,0.9936688420102785,24,1.099246566483072,Sunny
2025-05-09,2025-05-09 16:00,0.9143453136388239,25,1.8559444501857254,Sunny
2025-05-09,2025-05-09 17:00,0.8350217852673693,26,2.5082702119983575,Sunny
2025-05-09,2025-05-09 18:00,0.45823502550295897,30,1.568921114988167,Sunny
2025-05-09,2025-05-09 19:00,0.1012791478314112,35,0.629572017977977,Clear 
2025-05-09,2025-05-09 20:00,-0.2755076119329991,39,-0.30977707903221374,Clear 
2025-05-09,2025-05-09 21:00,-0.3746620223973177,40,-0.2054049571421925,Clear 
2025-05-09,2025-05-09 22:00,-0.47381643286163627,42,-0.022753743834655206,Clear 
2025-05-09,2025-05-09 23:00,-0.5729708433259548,43,0.08161837805536558,Clear 
2025-05-10,2025-05-10 00:00,-0.6522943716974094,43,-0.022753743834655206,Clear 
2025-05-10,2025-05-10 01:00,-0.7316179000688647,43,-0.022753743834655206,Clear 
2025-05-10,2025-05-10 02:00,-0.8109414284403194,43,-0.12712586572467646,Clear 
2025-05-10,2025-05-10 03:00,-0.8506031926260467,42,-0.12712586572467646,Clear 
2025-05-10,2025-05-10 04:00,-0.8902649568117746,41,-0.022753743834655206,Clear 
2025-05-10,2025-05-10 05:00,-0.929926720997502,40,-0.022753743834655206,Clear 
2025-05-10,2025-05-10 06:00,-0.5531399612330908,36,-0.4924282923397506,Sunny
2025-05-10,2025-05-10 07:00,-0.15652231937581654,32,-0.9621028408448458,Sunny
2025-05-10,2025-05-10 08:00,0.22026444038859377,28,-1.431777389349941,Sunny
2025-05-10,2025-05-10 09:00,0.5177276717815495,26,-0.7794516275373087,Sunny
2025-05-10,2025-05-10 10:00,0.8350217852673693,23,-0.2054049571421925,Sunny
2025-05-10,2025-05-10 11:00,1.132485016660325,21,0.44692080467043976,Sunny
2025-05-10,2025-05-10 12:00,1.2713011913103702,19,0.8122232312855139,Sunny
2025-05-10,2025-05-10 13:00,1.3902864838675528,18,1.2818977797906093,Sunny
2025-05-10,2025-05-10 14:00,1.5291026585175993,16,1.6732932368781888,Sunny
2025-05-10,2025-05-10 15:00,1.4497791301461447,17,1.7515723282957048,Sunny
2025-05-10,2025-05-10 16:00,1.3704556017746887,17,1.7515723282957048,Sunny
2025-05-10,2025-05-10 17:00,1.291132073403234,18,1.8559444501857254,Sunny
2025-05-10,2025-05-10 18:00,0.8746835494530959,22,1.0209674750655564,Sunny
2025-05-10,2025-05-10 19:00,0.4384041434100949,26,0.2642695913629029,Clear 
2025-05-10,2025-05-10 20:00,0.02195561945995662,29,-0.5968004142297718,Clear 
2025-05-10,2025-05-10 21:00,-0.09702967309722596,31,-0.5968004142297718,Clear 
2025-05-10,2025-05-10 22:00,-0.21601496565440784,32,-0.6750795056472875,Clear 
2025-05-10,2025-05-10 23:00,-0.3350002582115904,33,-0.6750795056472875,Clear 
2025-05-11,2025-05-11 00:00,-0.35483114030445373,33,-0.6750795056472875,Clear 
2025-05-11,2025-05-11 01:00,-0.3944929044901817,34,-0.6750795056472875,Clear 
2025-05-11,2025-05-11 02:00,-0.434154668675909,34,-0.6750795056472875,Clear 
2025-05-11,2025-05-11 03:00,-0.5729708433259548,36,-0.5968004142297718,Clear 
2025-05-11,2025-05-11 04:00,-0.7117870179760007,38,-0.4924282923397506,Clear 
2025-05-11,2025-05-11 05:00,-0.8506031926260467,40,-0.38805617044972934,Clear 
2025-05-11,2025-05-11 06:00,-0.4936473149545003,36,-0.6750795056472875,Partly Cloudy 
2025-05-11,2025-05-11 07:00,-0.11686055519008925,32,-0.8577307189548248,Sunny
2025-05-11,2025-05-11 08:00,0.2400953224814578,28,-1.1447540541523828,Partly Cloudy 
2025-05-11,2025-05-11 09:00,0.5177276717815495,26,-0.7794516275373087,Sunny
2025-05-11,2025-05-11 10:00,0.7953600210816413,23,-0.30977707903221374,Partly Cloudy 
2025-05-11,2025-05-11 11:00,1.072992370381733,21,0.08161837805536558,Sunny
2025-05-11,2025-05-11 12:00,1.1919776629389156,20,0.2642695913629029,Sunny
2025-05-11,2025-05-11 13:00,1.3109629554960982,19,0.44692080467043976,Sunny
2025-05-11,2025-05-11 14:00,1.4101173659604167,18,0.629572017977977,Sunny
2025-05-11,2025-05-11 15:00,0.9341761957316879,24,1.568921114988167,Sunny
2025-05-11,2025-05-11 16:00,0.4384041434100949,30,2.5082702119983575,Sunny
2025-05-11,2025-05-11 17:00,-0.03753702681863467,36,3.4476193090085485,Sunny
2025-05-11,2025-05-11 18:00,-0.3746620223973177,41,2.6909214253058944,Moderate rain at times
2025-05-11,2025-05-11 19:00,-0.7316179000688647,45,1.8559444501857254,Clear 
2025-05-11,2025-05-11 20:00,-1.0687428956475478,50,1.099246566483072,Moderate rain at times
2025-05-11,2025-05-11 21:00,-1.0885737777404119,50,1.099246566483072,Clear 
2025-05-11,2025-05-11 22:00,-1.108404659833275,50,1.0209674750655564,Moderate rain at times
2025-05-11,2025-05-11 23:00,-1.1282355419261392,49,1.0209674750655564,Clear 
2025-05-12,2025-05-12 00:00,-1.1678973061118663,49,0.629572017977977,Clear 
2025-05-12,2025-05-12 01:00,-1.2075590702975936,48,0.2642695913629029,Clear 
2025-05-12,2025-05-12 02:00,-1.267051716576185,47,-0.12712586572467646,Clear 
2025-05-12,2025-05-12 03:00,-1.3265443628547762,49,-0.12712586572467646,Patchy rain nearby
2025-05-12,2025-05-12 04:00,-1.4058678912262308,50,-0.12712586572467646,Clear 
2025-05-12,2025-05-12 05:00,-1.485191419597686,51,-0.12712586572467646,Patchy rain nearby
2025-05-12,2025-05-12 06:00,-1.0290811314618205,45,-0.4924282923397506,Sunny
2025-05-12,2025-05-12 07:00,-0.5729708433259548,39,-0.7794516275373087,Patchy rain nearby
2025-05-12,2025-05-12 08:00,-0.13669143728295324,34,-1.1447540541523828,Sunny
2025-05-12,2025-05-12 09:00,0.22026444038859377,30,-0.8577307189548248,Sunny
2025-05-12,2025-05-12 10:00,0.5573894359672775,27,-0.4924282923397506,Sunny
2025-05-12,2025-05-12 11:00,0.9143453136388239,23,-0.2054049571421925,Sunny
2025-05-12,2025-05-12 12:00,1.0531614882888705,22,0.08161837805536558,Sunny
2025-05-12,2025-05-12 13:00,1.2118085450317797,20,0.44692080467043976,Sunny
2025-05-12,2025-05-12 14:00,1.3506247196818262,18,0.7339441398679979,Sunny
2025-05-12,2025-05-12 15:00,1.152315898753189,20,0.44692080467043976,Sunny
2025-05-12,2025-05-12 16:00,0.9540070778245519,21,0.2642695913629029,Sunny
2025-05-12,2025-05-12 17:00,0.7556982568959147,22,-0.022753743834655206,Sunny
2025-05-12,2025-05-12 18:00,0.27975708666718435,26,0.551292926560461,Sunny
2025-05-12,2025-05-12 19:00,-0.21601496565440784,31,1.099246566483072,Clear 
2025-05-12,2025-05-12 20:00,-0.7117870179760007,35,1.6732932368781888,Clear 
2025-05-12,2025-05-12 21:00,-0.7316179000688647,33,1.099246566483072,Clear 
2025-05-12,2025-05-12 22:00,-0.7514487821617281,32,0.629572017977977,Clear 
2025-05-12,2025-05-12 23:00,-0.771279664254592,31,0.08161837805536558,Clear 
2025-05-13,2025-05-13 00:00,-0.8109414284403194,31,-0.12712586572467646,Clear 
2025-05-13,2025-05-13 01:00,-0.8506031926260467,32,-0.38805617044972934,Clear 
2025-05-13,2025-05-13 02:00,-0.8902649568117746,32,-0.5968004142297718,Clear 
2025-05-13,2025-05-13 03:00,-0.9497576030903652,33,-0.5968004142297718,Clear 
2025-05-13,2025-05-13 04:00,-1.0092502493689566,33,-0.4924282923397506,Clear 
2025-05-13,2025-05-13 05:00,-1.0489120135546839,33,-0.4924282923397506,Clear 
2025-05-13,2025-05-13 06:00,-0.6126326075116821,30,-1.066474962734867,Sunny
2025-05-13,2025-05-13 07:00,-0.17635320146868055,26,-1.6144286026574781,Sunny
2025-05-13,2025-05-13 08:00,0.2599262045743218,22,-2.1884752730525943,Sunny
2025-05-13,2025-05-13 09:00,0.5970512001530042,20,-1.32740526745992,Sunny
2025-05-13,2025-05-13 10:00,0.9540070778245519,18,-0.4924282923397506,Sunny
2025-05-13,2025-05-13 11:00,1.291132073403234,16,0.3425486827804185,Sunny
2025-05-13,2025-05-13 12:00,1.4299482480532808,16,0.7339441398679979,Sunny
2025-05-13,2025-05-13 13:00,1.5489335406104634,15,1.0209674750655564,Sunny
2025-05-13,2025-05-13 14:00,1.6877497152605085,14,1.3862699016806301,Sunny
2025-05-13,2025-05-13 15:00,1.628257068981918,14,1.3862699016806301,Sunny
2025-05-13,2025-05-13 16:00,1.568764422703326,14,1.2818977797906093,Sunny
2025-05-13,2025-05-13 17:00,1.4894408943318713,15,1.2818977797906093,Sunny
2025-05-13,2025-05-13 18:00,1.112654134567461,17,0.8122232312855139,Sunny
2025-05-13,2025-05-13 19:00,0.7160364927101867,20,0.3425486827804185,Clear 
2025-05-13,2025-05-13 20:00,0.3194188508529124,23,-0.12712586572467646,Clear 
2025-05-13,2025-05-13 21:00,0.1409409120171392,25,0.15989746947288164,Clear 
2025-05-13,2025-05-13 22:00,-0.03753702681863467,28,0.3425486827804185,Clear 
2025-05-13,2025-05-13 23:00,-0.21601496565440784,30,0.629572017977977,Clear 
2025-05-14,2025-05-14 00:00,-0.29533849402586315,31,0.551292926560461,Clear 
2025-05-14,2025-05-14 01:00,-0.3746620223973177,31,0.3425486827804185,Clear 
2025-05-14,2025-05-14 02:00,-0.47381643286163627,31,0.2642695913629029,Clear 
2025-05-14,2025-05-14 03:00,-0.5531399612330908,31,0.15989746947288164,Clear 
2025-05-14,2025-05-14 04:00,-0.6324634896045461,32,-0.022753743834655206,Clear 
2025-05-14,2025-05-14 05:00,-0.7117870179760007,32,-0.12712586572467646,Clear 
2025-05-14,2025-05-14 06:00,-0.2556767298401351,28,-0.2054049571421925,Sunny
2025-05-14,2025-05-14 07:00,0.20043355829572979,25,-0.38805617044972934,Sunny
2025-05-14,2025-05-14 08:00,0.6565438464315961,21,-0.4924282923397506,Sunny
2025-05-14,2025-05-14 09:00,0.9341761957316879,19,-0.12712586572467646,Sunny
2025-05-14,2025-05-14 10:00,1.2316394271246436,18,0.15989746947288164,Sunny
2025-05-14,2025-05-14 11:00,1.5092717764247354,16,0.551292926560461,Sunny
2025-05-14,2025-05-14 12:00,1.648087951074782,15,0.629572017977977,Sunny
2025-05-14,2025-05-14 13:00,1.786904125724827,15,0.7339441398679979,Sunny
2025-05-14,2025-05-14 14:00,1.9257203003748737,14,0.8122232312855139,Sunny
2025-05-14,2025-05-14 15:00,1.8662276540962817,14,0.8122232312855139,Sunny
2025-05-14,2025-05-14 16:00,1.826565889910555,14,0.9165953531755352,Sunny
2025-05-14,2025-05-14 17:00,1.786904125724827,14,0.9165953531755352,Sunny
2025-05-14,2025-05-14 18:00,1.291132073403234,18,0.8122232312855139,Sunny
2025-05-14,2025-05-14 19:00,0.7755291389887773,23,0.7339441398679979,Sunny
2025-05-14,2025-05-14 20:00,0.27975708666718435,27,0.629572017977977,Clear 
2025-05-14,2025-05-14 21:00,0.04178650155282062,31,1.0209674750655564,Clear 
2025-05-14,2025-05-14 22:00,-0.19618408356154454,34,1.2818977797906093,Clear 
2025-05-14,2025-05-14 23:00,-0.434154668675909,38,1.6732932368781888,Clear 
2025-05-15,2025-05-15 00:00,-0.3746620223973177,36,1.099246566483072,Partly Cloudy 
2025-05-15,2025-05-15 01:00,-0.3350002582115904,35,0.629572017977977,Clear 
2025-05-15,2025-05-15 02:00,-0.2755076119329991,33,0.08161837805536558,Partly Cloudy 
2025-05-15,2025-05-15 03:00,-0.3746620223973177,33,-0.2054049571421925,Partly Cloudy 
2025-05-15,2025-05-15 04:00,-0.4539855507687723,34,-0.5968004142297718,Partly Cloudy 
2025-05-15,2025-05-15 05:00,-0.5333090791402276,34,-0.8577307189548248,Partly Cloudy 
2025-05-15,2025-05-15 06:00,-0.11686055519008925,30,-1.2491261760424042,Sunny
2025-05-15,2025-05-15 07:00,0.2995879687600484,26,-1.6144286026574781,Partly Cloudy 
2025-05-15,2025-05-15 08:00,0.7160364927101867,22,-2.0058240597450574,Sunny
2025-05-15,2025-05-15 09:00,1.0134997241031425,20,-1.1447540541523828,Partly Cloudy 
2025-05-15,2025-05-15 10:00,1.291132073403234,18,-0.38805617044972934,Sunny
2025-05-15,2025-05-15 11:00,1.58859530479619,16,0.44692080467043976,Partly Cloudy 
2025-05-15,2025-05-15 12:00,1.7075805973533724,15,0.551292926560461,Sunny
2025-05-15,2025-05-15 13:00,1.8463967720034191,14,0.551292926560461,Partly Cloudy 
2025-05-15,2025-05-15 14:00,1.9852129466534643,13,0.629572017977977,Sunny
2025-05-15,2025-05-15 15:00,1.9653820645606002,13,0.7339441398679979,Patchy rain nearby
2025-05-15,2025-05-15 16:00,1.9455511824677376,12,0.8122232312855139,Sunny
2025-05-15,2025-05-15 17:00,1.9257203003748737,12,0.9165953531755352,Patchy rain nearby
2025-05-15,2025-05-15 18:00,1.3704556017746887,17,0.7339441398679979,Sunny
2025-05-15,2025-05-15 19:00,0.7953600210816413,23,0.44692080467043976,Patchy rain nearby
2025-05-15,2025-05-15 20:00,0.2400953224814578,29,0.2642695913629029,Clear 
2025-05-15,2025-05-15 21:00,0.1012791478314112,31,0.3425486827804185,Clear 
2025-05-15,2025-05-15 22:00,-0.03753702681863467,33,0.3425486827804185,Clear 
2025-05-15,2025-05-15 23:00,-0.17635320146868055,34,0.44692080467043976,Clear 
2025-05-16,2025-05-16 00:00,-0.3151693761187264,35,0.2642695913629029,Clear 
2025-05-16,2025-05-16 01:00,-0.47381643286163627,36,-0.022753743834655206,Clear 
2025-05-16,2025-05-16 02:00,-0.6126326075116821,37,-0.2054049571421925,Clear 
2025-05-16,2025-05-16 03:00,-0.6126326075116821,36,-0.12712586572467646,Clear 
2025-05-16,2025-05-16 04:00,-0.6324634896045461,35,-0.12712586572467646,Clear 
2025-05-16,2025-05-16 05:00,-0.6324634896045461,34,-0.022753743834655206,Clear 
2025-05-16,2025-05-16 06:00,-0.15652231937581654,30,-0.38805617044972934,Sunny
2025-05-16,2025-05-16 07:00,0.33924973294577637,25,-0.6750795056472875,Sunny
2025-05-16,2025-05-16 08:00,0.8151909031745053,21,-1.066474962734867,Sunny
2025-05-16,2025-05-16 09:00,1.112654134567461,19,-0.6750795056472875,Sunny
2025-05-16,2025-05-16 10:00,1.4101173659604167,18,-0.30977707903221374,Sunny
2025-05-16,2025-05-16 11:00,1.6877497152605085,16,0.08161837805536558,Sunny
2025-05-16,2025-05-16 12:00,1.8662276540962817,15,0.2642695913629029,Sunny
2025-05-16,2025-05-16 13:00,2.0248747108391925,14,0.44692080467043976,Sunny
2025-05-16,2025-05-16 14:00,2.1835217675821013,13,0.629572017977977,Sunny
2025-05-16,2025-05-16 15:00,2.1636908854892374,13,0.629572017977977,Sunny
2025-05-16,2025-05-16 16:00,2.124029121303511,13,0.7339441398679979,Sunny
2025-05-16,2025-05-16 17:00,2.1041982392106466,12,0.7339441398679979,Sunny
2025-05-16,2025-05-16 18:00,1.7075805973533724,14,0.15989746947288164,Sunny
2025-05-16,2025-05-16 19:00,1.3109629554960982,16,-0.38805617044972934,Sunny
2025-05-16,2025-05-16 20:00,0.9143453136388239,17,-0.9621028408448458,Clear 
2025-05-16,2025-05-16 21:00,0.7556982568959147,19,-0.6750795056472875,Clear 
2025-05-16,2025-05-16 22:00,0.6168820822458682,20,-0.4924282923397506,Clear 
2025-05-16,2025-05-16 23:00,0.45823502550295897,21,-0.2054049571421925,Clear 
